,TrainerName,Total
1,Christy  Henitha,138
2,Kathiresan  Kathiresan,137
3,Vijay  Vishwakarma ,136
4,Shubhangi  Bharti,133
5,Tanmaya  K Acharya,133
6,Shital  Patil,129
7,Kavita  Arora,126
8,Bharati  Thorat,123
9,Rahul  Kulkarni,121
10,Sangeetha  Chandrasekaran ,121
11,Neelima  Padmawar,120
12,Vaishali  Srivastava,119
13,Anjulata  Tembhare,115
14,Vishal  K Pachpute ,115
15,Rahul  Vikash ,112
16,Sarika  Katyare,111
17,Amruta  Rakhonde,108
18,Sachin  Narandekar,108
19,Yogini  Naik,106
20,Shraddha  Jadhav,103
21,Dayanand  Patil,98
22,Shilpa  Bhosle,96
23,Vaishali  Kasture,91
24,Amal  Thambi,90
25,Vandana  koleshwar,90
26,Devangana  Mandal,87
27,Rajita  Dhumal,84
28,Veena  Keshavalu,78
29,Suguraman  M,75
30,Rakhee  Harlalka,64
31,Amol  Patil,59
32,Uma  M Ponniamman,58
33,Jayavibhava  T,48
34,Ganesh  Desai,29
