,RequestType,Category,count(*)
1,College Hire Calendar,College Hire,334
2,College Hire Calendar,Induction,31
3,College Hire Calendar,Behavioural,25
4,College Hire Calendar,Technical,2
5,Need Based,Technical,659
6,Need Based,Behavioural,394
7,Need Based,Emerging Technology,292
8,Need Based,Upskilling,203
9,Need Based,MEP,74
10,Need Based,Role-Based,66
11,Need Based,Leadership,39
12,Need Based,Quality,16
13,Need Based,Certification,11
14,Need Based,Process,10
15,Need Based,Language,5
16,Need Based,College Hire,1
17,Need Based,Induction,1
18,Regular Calendar,Behavioural,214
19,Regular Calendar,MEP,139
20,Regular Calendar,Emerging Technology,101
21,Regular Calendar,Process,58
22,Regular Calendar,Quality,43
23,Regular Calendar,Technical,34
24,Regular Calendar,Certification,32
25,Regular Calendar,Induction,19
26,Regular Calendar,Leadership,7
27,Regular Calendar,Role-Based,4
28,Regular Calendar,College Hire,1
