,CourseName,count(*),Category,,,,,,
1,Discover,18,Induction,,,,,,
2,Lean Overview & A3 Thinking,14,Process,,,,,,
3,Feedback 365,8,Process,,,,,,
4,Accountability at Workplace,7,Behavioural,,,,,,
5,Communicating for Leadership success,7,MEP,,,Non College Hire Trainers,,,
6,Flipped Classroom 1,7,Behavioural,,,S.No,TrainerName,Total,Monthly Average
7,ISTQB Foundation EXAM,6,Certification,,,1,Hemant  Pangam,138,11.5
8,ITIL Foundation exam,6,Certification,,,2,Karthik  Muthukrishnan,130,10.83
9,Lateral Thinking,5,Behavioural,,,3,Anil  Patil,120,10
10,Collaborating Across Culture,4,Behavioural,,,4,Amit  Sali,120,10
11,Driving Change,4,MEP,,,5,Pramod  Jadhav,102,8.5
12,HPLDP,4,Leadership,,,6,Pravin  Pawar ,99,8.25
13,Kimai,4,Tools Training,,,7,Bhimappa  Desai,99,8.25
14,Team Building,4,Behavioural,,,8,Hema  G,96,8
15,Agile,3,Role-Based,,,9,Vaishali  Kulkarni,96,8
16,Assertive Communication,3,Behavioural,,,10,Vaishali  Kunchur,92,7.67
17,Business Writing skills,3,Behavioural,,,11,Shivakant  Choudhary,78,6.5
18,Easy Way To Think Hard,3,Behavioural,,,12,Hari  Yadav,75,6.25
19,Engaging and Retaining Talent,3,MEP,,,13,Nilofar  Shaikh,72,6
20,Java Script & JS Design Pattern (UI Topic),3,Technical,,,14,Prasant Kumar Mohapatro( from August),25,5
,,,,,,15,Karthikeyan  Ramanathan,55,4.58
,,,,,,16,Shifali  Mittal,47,3.92
